input,detectedLang,expectedLang
Hello,en,en
hello,en,en
Hello ,en,en
financial aid,en,en
Financial aid,en,en
live chat,en,en
transcripts,en,en
English,en,en
transcript,en,en
english,en,en
hello ,en,en
Financial aid ,en,en
English ,en,en
email,en,en
scholarships,en,en
refund,en,en
tuition,en,en
"Hello,",en,en
hey,en,en
Stop,en,en
Live Chat,en,en
Hey,en,en
admissions,en,en
what is bbq?,en,en
Live chat,en,en
live agent,en,en
registration,en,en
Hello!,en,en
Transcript ,en,en
"Hi,",en,en
Transcripts,en,en
how do i drop a class,en,en
Transcripts ,en,en
student id,en,en
counseling,en,en
register for classes,en,en
counselor,en,en
contact,en,en
bookstore,en,en
how to drop a class,en,en
agent,en,en
how do i register for classes,en,en
Hi!,en,en
how do i apply,en,en
Yes,en,en
what is sap,en,en
drop a class,en,en
Financial Aid,en,en
orientation,en,en
how to apply,en,en
application status,en,en
scholarship,en,en
unofficial transcript,en,en
change major,en,en
drop class,en,en
help,en,en
advisor,en,en
transfer,en,en
graduation,en,en
Transcript,en,en
Refund,en,en
STOP,en,en
Admissions,en,en
Hi there,en,en
how to register for classes,en,en
phone number,en,en
housing,en,en
register,en,en
Contact us,en,en
Counselor ,en,en
yes,en,en
Scholarships,en,en
financial aid ,en,en
"Hello, ",en,en
financial aid email,en,en
How to apply,en,en
advising,en,en
reset password,en,en
How do I drop a class?,en,en
1098-T,en,en
summer classes,en,en
Registration ,en,en
apply,en,en
live person,en,en
How do I apply?,en,en
withdraw,en,en
Good morning,en,en
Email,en,en
transcript request,en,en
library,en,en
HELLO,en,en
Hey ,en,en
representative,en,en
how do i change my major,en,en
what is bbq,en,en
admission,en,en
login,en,en
How do I register for classes?,en,en
payment plan,en,en
1098,en,en
Tuition,en,en
Admission ,en,en
how much is tuition,en,en
request transcript,en,en
appointment,en,en
dual enrollment,en,en
what is the fafsa,en,en
how do i register,en,en
Disbursement ,en,en
admissions email,en,en
canvas,en,en
Register for classes,en,en
Good morning ,en,en
financial aid office,en,en
how deep is your love?,en,en
How do I apply,en,en
forgot password,en,en
work study,en,en
student email,en,en
How do I drop a class,en,en
how to register,en,en
How do I register for classes,en,en
hi there,en,en
Online,en,en
Apply,en,en
application deadline,en,en
contact office,en,en
Counseling ,en,en
waitlist,en,en
Scholarship ,en,en
blackboard,en,en
Application status,en,en
unofficial transcripts,en,en
academic calendar,en,en
request transcripts,en,en
calendar,en,en
Enrollment ,en,en
I need help,en,en
Graduation ,en,en
application,en,en
official transcript,en,en
"Hi, ",en,en
nursing,en,en
hours,en,en
what is your email,en,en
cares act,en,en
class schedule,en,en
password reset,en,en
tutoring,en,en
Agent,en,en
residency,en,en
Bookstore,en,en
How do I change my major?,en,en
How to drop a class,en,en
Registration,en,en
international students,en,en
international student,en,en
How much is tuition?,en,en
what is your email?,en,en
Counseling,en,en
Spanish,en,en
contact financial aid,en,en
parking permit,en,en
1098-t,en,en
classes,en,en
1098t,en,en
Student ID,en,en
FAFSA,en,en
campus map,en,en
appeal,en,en
enrollment,en,en
Advisor,en,en
refunds,en,en
who is my advisor,en,en
help desk,en,en
Housing,en,en
what is your phone number?,en,en
Orientation ,en,en
deadline,en,en
how deep is your love,en,en
log in,en,en
Counselor,en,en
order transcripts,en,en
summer financial aid,en,en
Cares act,en,en
transfer credits,en,en
financial aid phone number,en,en
Scholarship,en,en
Tuition ,en,en
Student id,en,en
cost of attendance,en,en
school code,en,en
Admissions ,en,en
good morning,en,en
grades,en,en
schedule,en,en
How to register for classes,en,en
When do classes start,en,en
fees,en,en
parking,en,en
password,en,en
Phone number,en,en
Help,en,en
course catalog,en,en
counseling appointment,en,en
financial aid status,en,en
finacial aid,en,en
financial aid for international stu,en,en
How do I apply for financial aid?,en,en
Map,en,en
office hours,en,en
How do I apply ,en,en
payment,en,en
Spanish ,en,en
nursing program,en,en
placement test,en,en
Campus map,en,en
loans,en,en
name change,en,en
fee waiver,en,en
Drop a class,en,en
Drop class,en,en
majors,en,en
Contact,en,en
Refund ,en,en
I forgot my password,en,en
application fee,en,en
How do I apply for admission,en,en
tech support,en,en
parking pass,en,en
Graduation,en,en
Hours,en,en
enroll,en,en
zoom,en,en
Change major,en,en
When do classes start?,en,en
when is spring break,en,en
how do i apply for financial aid,en,en
online classes,en,en
1098T,en,en
How do I change my major,en,en
student ID,en,en
Good afternoon,en,en
How to apply ,en,en
Advising,en,en
i need help,en,en
spanish,en,en
Transfer,en,en
when do classes start,en,en
what is the fafsa?,en,en
How do I apply for admissions?,en,en
deadlines,en,en
financial aid number,en,en
Financial aid office,en,en
Login,en,en
academic advising,en,en
Live agent,en,en
order transcript,en,en
how do i enroll,en,en
Summer classes,en,en
Payment plan,en,en
how do I drop a class,en,en
Appointment ,en,en
Calendar ,en,en
Hi! ,en,en
Transcript request,en,en
jobs,en,en
returning student,en,en
How much is tuition,en,en
cost,en,en
Register,en,en
official transcripts,en,en
when is tuition due,en,en
Live chat ,en,en
Hello.,en,en
How do I appeal?,en,en
How to enroll,en,en
academic advisor,en,en
hello!,en,en
how to enroll,en,en
SAP,en,en
When is spring break,en,en
where are you located?,en,en
hey ,en,en
Financial aid disbursement ,en,en
Scholarships ,en,en
Orientation,en,en
what is love,en,en
Financial aid email,en,en
Yes ,en,en
drop classes,en,en
tuition cost,en,en
Register ,en,en
covid,en,en
diploma,en,en
disbursement,en,en
Admission,en,en
change password,en,en
how do i sign up for classes,en,en
Phone number ,en,en
campus tour,en,en
scholarships for international stud,en,en
Calendar,en,en
What is your email?,en,en
Classes,en,en
Where are you located?,en,en
how do i drop a class?,en,en
pay tuition,en,en
Nursing,en,en
Application ,en,en
Counseling appointment ,en,en
apply for graduation,en,en
Ged,en,en
Online classes,en,en
admissions and records,en,en
how do i register for classes?,en,en
sap appeal,en,en
summer courses,en,en
Parking pass,en,en
english ,en,en
how do i withdraw from a class,en,en
portal,en,en
dropping a class,en,en
Financial aid status,en,en
I want to apply,en,en
Stop ,en,en
make an appointment,en,en
withdrawal,en,en
Financial aid for international stu,en,en
Jobs,en,en
catalog,en,en
chat,en,en
how do i apply?,en,en
what is verification,en,en
address,en,en
make a payment,en,en
Parking permit,en,en
change my major,en,en
how much is tuition?,en,en
Request transcripts ,en,en
books,en,en
Fees,en,en
Financial aid number,en,en
book store,en,en
map,en,en
register for class,en,en
Make an appointment ,en,en
Representative ,en,en
How do I register?,en,en
Parking,en,en
change address,en,en
direct deposit,en,en
Financial aid phone number,en,en
loan,en,en
speak to someone,en,en
Good day,en,en
I can't log in,en,en
gpa,en,en
speak with an agent,en,en
Nursing program,en,en
Refunds,en,en
how do I apply,en,en
how do i reset my password,en,en
Bookstore ,en,en
Enroll,en,en
How much is tuition ,en,en
Nursing program ,en,en
contact the office,en,en
how do i log in,en,en
I need my transcripts,en,en
I need to drop a class,en,en
International student,en,en
bank mobile,en,en
hi!,en,en
student portal,en,en
Advisor ,en,en
GED,en,en
Hello! ,en,en
Hi there ,en,en
Nursing ,en,en
talk to someone,en,en
I need my transcripts ,en,en
Summer financial aid,en,en
holds,en,en
pell grant,en,en
bankmobile,en,en
Office hours,en,en
academic renewal,en,en
i forgot my password,en,en
student loans,en,en
when is the application deadline,en,en
customer service,en,en
federal school code,en,en
how do I apply for admissions?,en,en
meal plan,en,en
Order transcripts ,en,en
Request transcript,en,en
sap,en,en
Student email,en,en
Unofficial transcript ,en,en
how to change major,en,en
how to change my major,en,en
how to drop a course,en,en
transcript ,en,en
How do I apply for financial aid,en,en
Representative,en,en
admission requirements,en,en
contact admissions,en,en
Canvas,en,en
Covid testing,en,en
Housing ,en,en
What is sap?,en,en
When does fall semester start,en,en
test,en,en
Chinese,en,en
How deep is your love?,en,en
How to register,en,en
financial aid appeal,en,en
Disbursement dates,en,en
How do I apply for admission?,en,en
This,en,en
major change,en,en
payment plans,en,en
Application status ,en,en
Hi.,en,en
International students,en,en
financial aid office email,en,en
"hello,",en,en
registrar,en,en
chinese,en,en
how can i change my major,en,en
Apply ,en,en
How do I withdraw from a class?,en,en
I have a question,en,en
email address,en,en
enrollment verification,en,en
sign in,en,en
Log in,en,en
Reset password,en,en
When is spring break?,en,en
graduation application,en,en
grants,en,en
how are you,en,en
summer 2021,en,en
I have a question ,en,en
how to apply for financial aid,en,en
Application deadline,en,en
Enrollment,en,en
I need help ,en,en
What is the fafsa?,en,en
When is the application deadline?,en,en
account locked,en,en
application fee waiver,en,en
summer,en,en
textbooks,en,en
when is the last day to drop a clas,en,en
financial aid office number,en,en
how to apply ,en,en
office 365,en,en
Contact financial aid,en,en
Transfer ,en,en
Work study,en,en
cant log in,en,en
eops,en,en
how do i register for a class,en,en
what is sap?,en,en
Loans,en,en
drop,en,en
how do i drop a course,en,en
Cost,en,en
How do I register,en,en
When does school start,en,en
When does the next semester start?,en,en
admissions office,en,en
forms,en,en
summer aid,en,en
tour,en,en
Diploma,en,en
Placement test,en,en
Who is my advisor,en,en
billing,en,en
clubs,en,en
counselor appointment,en,en
covid testing,en,en
hold,en,en
how do I register for classes,en,en
How do I enroll,en,en
Transfer credits,en,en
When is tuition due,en,en
Financial aid number ,en,en
How can I contact you?,en,en
how do I apply for admission,en,en
human,en,en
Academic calendar ,en,en
Disbursement,en,en
Grades,en,en
When does the next semester start,en,en
Who is my advisor?,en,en
admission status,en,en
fax number,en,en
ged,en,en
Appeal,en,en
Application,en,en
Hai,en,en
How do i apply,en,en
drop a course,en,en
study abroad,en,en
Advising ,en,en
Covid,en,en
Hello?,en,en
What is SAP,en,en
When is tuition due?,en,en
cost per credit,en,en
good afternoon,en,en
how to withdraw from a class,en,en
tutor,en,en
what are your office hours?,en,en
Counselor appointment ,en,en
Help desk,en,en
How to register ,en,en
Withdrawal ,en,en
how to withdraw,en,en
i cant log in,en,en
summer registration,en,en
vaccine,en,en
financial aid help,en,en
how do i login,en,en
live,en,en
microsoft office,en,en
readmission,en,en
transfer credit,en,en
Class schedule ,en,en
Email ,en,en
Majors,en,en
Scholarships for international stud,en,en
Tuition cost,en,en
Unofficial transcript,en,en
how do i apply ,en,en
how do i apply for admissions,en,en
send transcript,en,en
tax form,en,en
where to send transcripts,en,en
Application fee,en,en
Contact ,en,en
Hello there,en,en
International students ,en,en
how can i apply,en,en
student loan,en,en
tax forms,en,en
Good afternoon ,en,en
fall 2021,en,en
how do i change my major?,en,en
how do i contact you,en,en
what is fafsa,en,en
I need my transcript,en,en
Request transcripts,en,en
courses,en,en
financial aid disbursement,en,en
out of state tuition,en,en
student id number,en,en
virtual tour,en,en
Refund schedule ,en,en
1098 t,en,en
I need help with financial aid,en,en
Password reset,en,en
admissions phone number,en,en
bright futures,en,en
contact financial aid office,en,en
pay bill,en,en
pay my bill,en,en
transfer student,en,en
username,en,en
what is my student id,en,en
when does school start,en,en
Academic calendar,en,en
HEERF,en,en
How to apply for financial aid,en,en
Payment,en,en
What are the office hours?,en,en
drop course,en,en
schedule an appointment,en,en
tuition and fees,en,en
financial aid office phone number,en,en
my account is locked,en,en
talk to a person,en,en
withdrawl,en,en
Admissions email,en,en
I can't login,en,en
application deadlines,en,en
contact information,en,en
employment,en,en
how do i enroll in classes,en,en
How can I change my major?,en,en
microsoft word,en,en
person,en,en
I want to speak to a human,en,en
Register for classes ,en,en
Schedule ,en,en
Withdraw,en,en
class registration,en,en
dorms,en,en
i need to drop a class,en,en
GPA,en,en
I forgot my password ,en,en
I need a copy of my transcript,en,en
When is spring break ,en,en
When will I get my refund,en,en
cant login,en,en
check application status,en,en
hiii,en,en
how do I drop a class?,en,en
when does fall semester start,en,en
why does my stomach hurt,en,en
interview,en,en
net price calculator,en,en
schedule appointment,en,en
when do classes start?,en,en
Bookstore hours,en,en
Hiya,en,en
How do I register for a class?,en,en
I want to apply ,en,en
Student loans,en,en
how do i change my password,en,en
sign up for classes,en,en
Agent ,en,en
Financial aid phone number ,en,en
How are you?,en,en
How can I apply,en,en
How do I register ,en,en
How do i drop a class,en,en
I need to reset my password,en,en
I want to change my major,en,en
Live person,en,en
None,en,en
Transcript request ,en,en
campus tours,en,en
hello there,en,en
how do i pay my bill,en,en
summer school,en,en
who is my academic advisor,en,en
Tour,en,en
concurrent enrollment,en,en
important dates,en,en
verification,en,en
How do I enroll?,en,en
Phlebotomy ,en,en
admission email,en,en
fafsa deadline,en,en
writing center,en,en
Dropping a class,en,en
Dual enrollment ,en,en
Hii,en,en
How do I drop a course?,en,en
Library,en,en
Request transcript ,en,en
When do fall classes start,en,en
online courses,en,en
1098 form,en,en
I forgot my username,en,en
book voucher,en,en
calender,en,en
prerequisite,en,en
talk to a counselor,en,en
webadvisor,en,en
when will i get my refund,en,en
Campus tour,en,en
Hi Sam,en,en
How do I withdraw from a class,en,en
I have a hold on my account,en,en
KNOWS,en,en
Reset password ,en,en
Schedule,en,en
Talk to a counselor ,en,en
What is the passcode for MappingXpr,en,en
Zoom,en,en
counselor ,en,en
1098 T,en,en
Book store,en,en
"Good morning,",en,en
I need a copy of my transcripts,en,en
I want to enroll,en,en
Online courses,en,en
When does the fall semester start,en,en
fee schedule,en,en
financial aid deadline,en,en
how to sign up for classes,en,en
tours,en,en
when is spring break?,en,en
Financial aid help,en,en
How do I get my transcripts?,en,en
forgot username,en,en
how to drop class,en,en
registration dates,en,en
Deadline,en,en
Financial Aid ,en,en
Good Morning,en,en
Hello. ,en,en
Library ,en,en
Returning student,en,en
Tuition fees,en,en
counseling ,en,en
directory,en,en
financial aid contact,en,en
financial aid refund,en,en
igetc,en,en
international,en,en
online orientation,en,en
technical support,en,en
Chat,en,en
Drop classes,en,en
Order transcripts,en,en
When does fall semester start?,en,en
hello?,en,en
request official transcript,en,en
send transcripts,en,en
Disbursement schedule ,en,en
Dual enrollment,en,en
Fee waiver,en,en
How do I apply for scholarships?,en,en
I need to register for classes,en,en
Register for class,en,en
health insurance,en,en
"hi,",en,en
how can i drop a class,en,en
transcripts ,en,en
tuition fees,en,en
where do i send my transcripts,en,en
Loan,en,en
ferpa,en,en
how do I register for classes?,en,en
mailing address,en,en
self service,en,en
spring 2022,en,en
stop,en,en
syllabus,en,en
How do I reset my password?,en,en
How to enroll ,en,en
I would like to apply,en,en
Official transcript ,en,en
applicant portal,en,en
apply for financial aid,en,en
hii,en,en
new student orientation,en,en
petition,en,en
reset my password,en,en
speak to a live person,en,en
summer class,en,en
testing,en,en
Admissions phone number,en,en
Forgot password,en,en
When do fall classes start?,en,en
When does the fall semester start?,en,en
cal grant,en,en
heerf,en,en
how do I apply?,en,en
how do i check my application statu,en,en
how to drop classes,en,en
invalid username,en,en
spring break,en,en
student id card,en,en
when do fall classes start,en,en
when does spring semester start,en,en
Am I going to receive an email or d,en,en
Eops,en,en
Forgot password ,en,en
How do I sign up for classes,en,en
I need help registering for classes,en,en
SAT,en,en
admission deadline,en,en
cost per credit hour,en,en
disbursement dates,en,en
excused withdrawal,en,en
hold on my account,en,en
how can i register for classes,en,en
make appointment,en,en
what are your hours,en,en
what is your email address?,en,en
when do summer classes start,en,en
when does the fall semester start,en,en
when is tuition due?,en,en
Appointment,en,en
Grants,en,en
Heerf,en,en
How do I register for classes ,en,en
When does spring semester start,en,en
award letter,en,en
how to log in,en,en
priority registration,en,en
registration ,en,en
who is my advisor?,en,en
Is there an application fee?,en,en
Make an appointment with a counselo,en,en
Sap appeal,en,en
What is your phone number?,en,en
how do I apply for admissions,en,en
request a transcript,en,en
where do i apply,en,en
Financial aid office ,en,en
How do I enroll ,en,en
How do I withdraw my application?,en,en
I need a transcript,en,en
I want to drop a class,en,en
financial aid office hours,en,en
how do I change my major,en,en
how do i apply for admission,en,en
how to apply for scholarships,en,en
how to pay for classes,en,en
programs,en,en
speak to a counselor,en,en
student services,en,en
when is the application deadline?,en,en
when will I receive my refund,en,en
where do i send my transcript,en,en
Admission status,en,en
How do i register for classes,en,en
Password,en,en
Speak to a counselor ,en,en
academic probation,en,en
enroll in classes,en,en
fafsa code,en,en
good morning ,en,en
how do i apply for financial aid?,en,en
i want to apply,en,en
in state tuition,en,en
when is graduation,en,en
where is pluto,en,en
Change my major,en,en
Courses,en,en
How much is the application fee?,en,en
Payment ,en,en
Programs,en,en
bursar,en,en
how do i create an account,en,en
last day to drop,en,en
parent plus loan,en,en
How to apply?,en,en
Portal,en,en
What is SAP?,en,en
federal work study,en,en
how to login,en,en
how to register for a class,en,en
need help,en,en
spring registration,en,en
tax,en,en
what is my username,en,en
Admissions and records,en,en
What is BBQ?,en,en
What is the FAFSA?,en,en
bog waiver,en,en
email financial aid,en,en
financial aid appointment,en,en
how do I apply for financial aid?,en,en
how do i apply for scholarships,en,en
nothing,en,en
student handbook,en,en
this,en,en
where do i send transcripts,en,en
Disbursements ,en,en
How can I apply ,en,en
How do I request a transcript?,en,en
How to change my major,en,en
What is bbq?,en,en
When will I receive my refund?,en,en
bookstore hours,en,en
contact ,en,en
email ,en,en
fee,en,en
how are you?,en,en
major,en,en
Blackboard,en,en
Can't log in,en,en
Fall 2021,en,en
Hi there!,en,en
How,en,en
I need my transcript ,en,en
Residency,en,en
Student id ,en,en
drop out,en,en
financial aid question,en,en
how do i apply for graduation,en,en
how do i get my transcript,en,en
register for a class,en,en
requirements,en,en
taxes,en,en
1098-T form,en,en
Books,en,en
Change password,en,en
How do I register for a class,en,en
Name change,en,en
SAP appeal,en,en
Schedule an appointment ,en,en
When do classes start ,en,en
career services,en,en
careers,en,en
change of major,en,en
dropping classes,en,en
essay,en,en
exit counseling,en,en
financial aid advisor,en,en
forgot my password,en,en
helpdesk,en,en
how to apply for graduation,en,en
mailing list,en,en
office,en,en
where are you located,en,en
wifi,en,en
withdraw application,en,en
withdraw from class,en,en
Class schedule,en,en
Cost of attendance,en,en
Deadlines,en,en
Financial aid office number,en,en
How do I pay my bill?,en,en
Official transcripts ,en,en
Sign in,en,en
What is sap,en,en
call,en,en
how do i get my transcripts,en,en
how do i sign in,en,en
tuition ,en,en
Do you accept international student,en,en
Financial aid disbursement,en,en
Holds,en,en
How do I log in,en,en
Is the campus open?,en,en
Sign up for classes,en,en
none,en,en
pay,en,en
talk to an advisor,en,en
who is my counselor,en,en
Application fee waiver,en,en
EOPS,en,en
Good evening ,en,en
How do I check my application statu,en,en
How to register for classes ,en,en
I need to order transcripts,en,en
Schedule appointment ,en,en
Tax form,en,en
Tutoring,en,en
When do summer classes start,en,en
advisors,en,en
changing major,en,en
graduation ,en,en
how do i find my student id,en,en
how to pay tuition,en,en
i forgot my username,en,en
i need my transcripts,en,en
leave of absence,en,en
testing center,en,en
what is my student ID,en,en
hola,es,es
Hola,es,es
Hola ,es,es
que es sap,es,es
hola ,es,es
Que es sap?,es,es
Hola!,es,es
Español ,es,es
Buenas tardes,es,es
HOLA,es,es
Clases de ingles,es,es
Clases de inglés ,es,es
buenas tardes,es,es
que es sap?,es,es
que es pell,es,es
becas,en,es
Español,es,es
Buenos dias,es,es
Que es SAP,es,es
Hola buenas tardes,es,es
Que es Pell,es,es
Hola buenos dias,es,es
Que es Pell?,es,es
buenos dias,es,es
clases de ingles,es,es
Becas,en,es
Buenas tardes ,es,es
hola buenas tardes,es,es
Buenos días ,es,es
Hola buenas tardes ,es,es
español,es,es
hola!,es,es
donde mi dinero,es,es
Buenas noches,es,es
Clases de ingles ,es,es
Quiero aprender inglés ,es,es
Buenos días,es,es
Cursos de inglés ,es,es
Hola buenos días ,es,es
ayuda financiera,es,es
como navegar canvas en espanol,es,es
hola buenos dias,es,es
Hola.,es,es
Que es sap,es,es
buenas noches,es,es
cursos de ingles,es,es
estudiantes internacionales,es,es
Hola buenas noches,es,es
carreras,en,es
Buenas noches ,es,es
Cursos de ingles,es,es
HOLA ,es,es
becas para estudiantes internaciona,es,es
Becas para estudiantes internaciona,es,es
Buen dia,es,es
Clases de inglés,es,es
buenos dias ,es,es
que es fafsa,es,es
que es fafsa?,es,es
Ayuda financiera,es,es
Carreras,en,es
Hola!!,es,es
Paralegal,en,es
Quiero estudiar inglés ,es,es
buen dia,es,es
necesito ayuda,es,es
que es SAP,es,es
CRRSAA,en,es
Hola! ,es,es
Que carreras tienen?,es,es
Que es SAP?,es,es
SEP,en,es
SRAR,en,es
admisiones,en,es
clases,es,es
como te llamas,es,es
hola buenas noches,es,es
Admisiones,en,es
Clases,es,es
Curso de ingles,es,es
Hola buenas noches ,es,es
Que Es Sap?,es,es
Quiero estudiar ingles,es,es
curso de ingles,es,es
estudiante internacional,es,es
que es FAFSA,es,es
que pasa,es,es
sep,en,es
Aprender inglés ,es,es
BUENAS TARDES,es,es
Becas ,en,es
Buenos dias ,es,es
Estudiantes internacionales,es,es
Hola buen dia,es,es
Hola buen día ,es,es
Hola buenos días,es,es
"Hola, ",es,es
Inscripciones ,en,es
Necesito ayuda ,es,es
Que es pell?,es,es
Quiero aprender ingles,es,es
Sep,en,es
buen dia ,es,es
como puedo aplicar?,es,es
consejero,en,es
ello,es,es
financia aid,en,es
hola?,es,es
pseo,en,es
que es la fafsa,es,es
srar,en,es
¿Puedo visitar el campus?,es,es
Aplicación ,en,es
Ayuda,es,es
BUENOS DIAS,es,es
Becas para estudiantes extranjeros,es,es
Buen día ,es,es
Clases en ingles,es,es
Cuando se Pagan las fracturas?,es,es
Cursos de inglés,es,es
Cómo puedo inscribirme ,es,es
ESOL,en,es
Hay becas para estudiantes internac,es,es
Inglés ,es,es
Que Es sap?,es,es
Que es pell,es,es
Quiero inscribirme ,es,es
ayuda,es,es
becas deportivas,en,es
buenas noches ,es,es
como estas,es,es
crrsaa,en,es
cuando comienzan las clases,es,es
cuando empiezan las clases,es,es
hola buenas tardes ,es,es
que es FAFSA?,es,es
tengo una pregunta,es,es
 que es sap,es,es
Admisión ,en,es
Ayuda financiera ,es,es
Ayuda financiera para estudiantes i,es,es
Buenas Tardes,es,es
Chat en vivo,es,es
Clases de esl,en,es
Como me puedo registrar ,es,es
Como puedo inscribirme,es,es
Como te llamas?,es,es
Contacto,es,es
Cuando empiezan las clases ,es,es
Curso de inglés ,es,es
ESL clases ,en,es
Gracias,es,es
Habla español?,es,es
Hablas español?,es,es
Hola Buenas tardes,es,es
Hola buenos dias ,es,es
"Hola, buenas tardes",es,es
Inscripción ,en,es
Kiero aprender ingles,es,es
Necesito ayuda,es,es
PSEO,en,es
Que es Sap?,es,es
Que es sap? ,es,es
Que hora es?,es,es
Que necesito para entrar?,es,es
Quiero estudiar ingles ,es,es
Quiero registrarme ,es,es
becas ,en,es
becas internacionales,en,es
becas para extranjeros,es,es
becas para internacionales,en,es
buenas ,es,es
chat en vivo,es,es
clases de ingles para adultos,es,es
como aplicar,es,es
como aplico,es,es
como esta,es,es
cuantos anos tienes,es,es
donde esta la biblioteca,es,es
es hora de comer,es,es
español ,es,es
hol,en,es
hola buen dia,es,es
hola buenas noches ,es,es
hola buenos dias ,es,es
prerequiste,en,es
que,es,es
que hora es,es,es
que pasa?,es,es
que?,es,es
quiero aprender ingles,es,es
tasfa,en,es
trascripts,en,es
¿Cómo solicito la admisión?,es,es
¿Hay un programa de verano disponib,es,es
 Hola,es,es
Aceptan estudiantes internacionales,es,es
Admisión,en,es
Becas para estudiantes internaciona,es,es
Becas para extranjeros,es,es
Buenas Tardes ,es,es
"Buenas tardes,",es,es
Buenas tardes.,es,es
Buenos Dias,es,es
Clases de ESL ,en,es
Clases de inglés para adultos ,es,es
Clases para aprender ingles,es,es
Como me registro,es,es
Cuando empiezan las clases,es,es
Cuando empiezan las clases de ingle,es,es
Cuando empiezan las clases de inglé,es,es
Cuando inician las clases?,es,es
Cuando son las inscripciones ,es,es
Cursos,en,es
Cursos de ingles ,es,es
Cómo inscribirse ,es,es
Cómo puedo aplicar ,es,es
En español,es,es
En español ,es,es
En español por favor ,es,es
Existen becas para estudiantes inte,es,es
Hablas español ,es,es
Hola Buenos dias ,es,es
Hola Leo,es,es
Hola buena tarde,es,es
Hola buenas tardes!,es,es
Hola buenos dias!,es,es
Hola que tal ,es,es
"Hola,",es,es
Hola. ,es,es
Holaa,en,es
Holaaa ,en,es
Información ,es,es
Inicio de clases,es,es
Inscribirme ,en,es
Inscripción para clases de inglés ,es,es
Internacional ,es,es
Internacional students ,es,es
Necesito registrarme ,en,es
Paralegal ,en,es
Precio,es,es
Que carreras hay?,es,es
Que carreras tienen,es,es
Que necesito para aplicar ,es,es
Quiero inscribirme a clases de ingl,es,es
Quiero registrarme,es,es
Quiero tomar clases de inglés ,es,es
Quisiera inscribirme ,es,es
Registro de clases,es,es
Saludos,en,es
Srar,en,es
Tengo una pregunta ,es,es
Tienen becas para estudiantes inter,es,es
Yas,en,es
advisers,en,es
agente,en,es
alumnos internacionales,es,es
buenas tardes ,es,es
cancas,en,es
chao,en,es
clases online,es,es
coma caca,es,es
como aplicar?,es,es
como me inscribo,es,es
como me puedo inscribir ,es,es
como me puedo registrar,es,es
como puedo aplicar,es,es
como se llama,es,es
consejeros,en,es
costo del curso de ingles,es,es
cuanto,es,es
cuanto cuesta,es,es
diplomas,en,es
donde,es,es
donde esta el bano,es,es
donde estas,es,es
en español,es,es
free tuition,en,es
hOLA,es,es
hablar con un consejero,es,es
hio,en,es
hola buen dia ,es,es
hola buenas,es,es
hola que tal,es,es
"hola, ",es,es
libros,es,es
mesa,es,es
no puedo entrar a canvas,es,es
no puedo entrar a mi cuenta,es,es
no puedo registrarme,es,es
por favor,es,es
precios,es,es
que es financial aid,en,es
que es pell?,es,es
que hora es?,es,es
quiero hacer una cita con un consej,es,es
soy estudiante internacional,es,es
tienen cursos de ingles?,es,es
¿Cómo solicito ayuda financiera?,es,es